case_index,target_new_nodes,overlap_bit,trial,order,bmd_cold_s,sparse_s,sparse_over_bmd
1,8,-1,1,BMD_FIRST,0.000712,0.002001,2.81039325842697
1,8,-1,2,SPARSE_FIRST,0.000679,0.001947,2.86745213549337
1,8,-1,3,BMD_FIRST,0.000525,0.002012,3.83238095238095
1,8,-1,4,SPARSE_FIRST,0.000589,0.00195,3.3106960950764
1,8,-1,5,BMD_FIRST,0.000785,0.001991,2.53630573248408
1,8,-1,6,SPARSE_FIRST,0.000474,0.001705,3.59704641350211
1,8,-1,7,BMD_FIRST,0.000428,0.001682,3.92990654205607
1,8,-1,8,SPARSE_FIRST,0.000554,0.001589,2.86823104693141
1,8,-1,9,BMD_FIRST,0.000451,0.001972,4.37250554323725
1,8,-1,10,SPARSE_FIRST,0.000519,0.001635,3.15028901734104
1,8,-1,11,BMD_FIRST,0.000459,0.001952,4.25272331154684
1,8,-1,12,SPARSE_FIRST,0.000467,0.001683,3.60385438972163
1,8,-1,13,BMD_FIRST,0.000447,0.001882,4.21029082774049
1,8,-1,14,SPARSE_FIRST,0.000511,0.001821,3.56360078277886
1,8,-1,15,BMD_FIRST,0.000418,0.002178,5.21052631578947
1,8,-1,16,SPARSE_FIRST,0.000775,0.002047,2.64129032258065
1,8,-1,17,BMD_FIRST,0.000695,0.002192,3.15395683453237
2,12,7,1,BMD_FIRST,0.000687,0.001826,2.65793304221252
2,12,7,2,SPARSE_FIRST,0.000762,0.001855,2.43438320209974
2,12,7,3,BMD_FIRST,0.000617,0.001572,2.54781199351702
2,12,7,4,SPARSE_FIRST,0.00059,0.001594,2.70169491525424
2,12,7,5,BMD_FIRST,0.000579,0.001581,2.73056994818653
2,12,7,6,SPARSE_FIRST,0.000624,0.001547,2.47916666666667
2,12,7,7,BMD_FIRST,0.000576,0.001468,2.54861111111111
2,12,7,8,SPARSE_FIRST,0.000578,0.0016,2.7681660899654
2,12,7,9,BMD_FIRST,0.000624,0.001564,2.50641025641026
2,12,7,10,SPARSE_FIRST,0.00069,0.001623,2.35217391304348
2,12,7,11,BMD_FIRST,0.000566,0.001465,2.58833922261484
2,12,7,12,SPARSE_FIRST,0.000573,0.001501,2.6195462478185
2,12,7,13,BMD_FIRST,0.000582,0.001542,2.64948453608247
2,12,7,14,SPARSE_FIRST,0.000672,0.001503,2.23660714285714
2,12,7,15,BMD_FIRST,0.000539,0.001664,3.08719851576994
2,12,7,16,SPARSE_FIRST,0.000613,0.001506,2.45676998368679
2,12,7,17,BMD_FIRST,0.000537,0.001645,3.0633147113594
3,16,6,1,BMD_FIRST,0.000794,0.001546,1.94710327455919
3,16,6,2,SPARSE_FIRST,0.000798,0.0016,2.00501253132832
3,16,6,3,BMD_FIRST,0.001135,0.001633,1.43876651982379
3,16,6,4,SPARSE_FIRST,0.000825,0.001742,2.11151515151515
3,16,6,5,BMD_FIRST,0.000733,0.001687,2.30150068212824
3,16,6,6,SPARSE_FIRST,0.000867,0.001574,1.81545559400231
3,16,6,7,BMD_FIRST,0.000752,0.001721,2.28856382978723
3,16,6,8,SPARSE_FIRST,0.000779,0.001651,2.1193838254172
3,16,6,9,BMD_FIRST,0.001008,0.001695,1.68154761904762
3,16,6,10,SPARSE_FIRST,0.000792,0.00168,2.12121212121212
3,16,6,11,BMD_FIRST,0.00089,0.001744,1.95955056179775
3,16,6,12,SPARSE_FIRST,0.000783,0.001668,2.13026819923372
3,16,6,13,BMD_FIRST,0.000735,0.001751,2.38231292517007
3,16,6,14,SPARSE_FIRST,0.000911,0.001643,1.80351262349067
3,16,6,15,BMD_FIRST,0.001062,0.00244,2.29755178907721
3,16,6,16,SPARSE_FIRST,0.001287,0.002301,1.78787878787879
3,16,6,17,BMD_FIRST,0.001271,0.00237,1.86467348544453
4,20,5,1,BMD_FIRST,0.001284,0.002124,1.65420560747664
4,20,5,2,SPARSE_FIRST,0.001437,0.002313,1.60960334029228
4,20,5,3,BMD_FIRST,0.0009,0.002042,2.26888888888889
4,20,5,4,SPARSE_FIRST,0.001497,0.001907,1.27388109552438
4,20,5,5,BMD_FIRST,0.001389,0.001848,1.3304535637149
4,20,5,6,SPARSE_FIRST,0.001414,0.001799,1.27227722772277
4,20,5,7,BMD_FIRST,0.001424,0.001833,1.2872191011236
4,20,5,8,SPARSE_FIRST,0.001133,0.001871,1.6513680494263
4,20,5,9,BMD_FIRST,0.00136,0.001702,1.25147058823529
4,20,5,10,SPARSE_FIRST,0.000882,0.001634,1.85260770975057
4,20,5,11,BMD_FIRST,0.00088,0.001458,1.65681818181818
4,20,5,12,SPARSE_FIRST,0.001304,0.001426,1.09355828220859
4,20,5,13,BMD_FIRST,0.000878,0.001487,1.69362186788155
4,20,5,14,SPARSE_FIRST,0.000916,0.001475,1.61026200873362
4,20,5,15,BMD_FIRST,0.001171,0.001666,1.42271562766866
4,20,5,16,SPARSE_FIRST,0.000909,0.00146,1.60616061606161
4,20,5,17,BMD_FIRST,0.000976,0.001665,1.70594262295082
5,24,4,1,BMD_FIRST,0.001064,0.00172,1.61654135338346
5,24,4,2,SPARSE_FIRST,0.001083,0.001709,1.57802400738689
5,24,4,3,BMD_FIRST,0.001028,0.001549,1.5068093385214
5,24,4,4,SPARSE_FIRST,0.001067,0.001442,1.3514526710403
5,24,4,5,BMD_FIRST,0.001467,0.001912,1.30334014996592
5,24,4,6,SPARSE_FIRST,0.001395,0.00192,1.37634408602151
5,24,4,7,BMD_FIRST,0.00162,0.001803,1.11296296296296
5,24,4,8,SPARSE_FIRST,0.001595,0.001901,1.19184952978056
5,24,4,9,BMD_FIRST,0.001616,0.00192,1.18811881188119
5,24,4,10,SPARSE_FIRST,0.001637,0.001639,1.00122174709835
5,24,4,11,BMD_FIRST,0.000994,0.001513,1.52213279678068
5,24,4,12,SPARSE_FIRST,0.001092,0.001505,1.37820512820513
5,24,4,13,BMD_FIRST,0.000978,0.001617,1.65337423312883
5,24,4,14,SPARSE_FIRST,0.001404,0.0015,1.06837606837607
5,24,4,15,BMD_FIRST,0.001563,0.00195,1.24760076775432
5,24,4,16,SPARSE_FIRST,0.001621,0.00164,1.01172115977791
5,24,4,17,BMD_FIRST,0.001632,0.002149,1.31678921568627
6,28,3,1,BMD_FIRST,0.001857,0.001885,1.01507808292946
6,28,3,2,SPARSE_FIRST,0.00217,0.001796,0.827649769585253
6,28,3,3,BMD_FIRST,0.0012,0.001688,1.40666666666667
6,28,3,4,SPARSE_FIRST,0.00117,0.001513,1.29316239316239
6,28,3,5,BMD_FIRST,0.001161,0.001532,1.31955211024978
6,28,3,6,SPARSE_FIRST,0.001769,0.001681,0.950254381006218
6,28,3,7,BMD_FIRST,0.001732,0.001696,0.979214780600462
6,28,3,8,SPARSE_FIRST,0.001766,0.001847,1.04586636466591
6,28,3,9,BMD_FIRST,0.00176,0.001882,1.06931818181818
6,28,3,10,SPARSE_FIRST,0.001971,0.001825,0.925925925925926
6,28,3,11,BMD_FIRST,0.00181,0.001912,1.05635359116022
6,28,3,12,SPARSE_FIRST,0.001179,0.001978,1.67769296013571
6,28,3,13,BMD_FIRST,0.001185,0.001758,1.48354430379747
6,28,3,14,SPARSE_FIRST,0.001179,0.001567,1.32909245122986
6,28,3,15,BMD_FIRST,0.001719,0.001906,1.108784176847
6,28,3,16,SPARSE_FIRST,0.001741,0.001914,1.09936817920735
6,28,3,17,BMD_FIRST,0.001851,0.001912,1.03295515937331
7,32,2,1,BMD_FIRST,0.001749,0.001917,1.09605488850772
7,32,2,2,SPARSE_FIRST,0.002006,0.001868,0.931206380857428
7,32,2,3,BMD_FIRST,0.002236,0.001796,0.803220035778175
7,32,2,4,SPARSE_FIRST,0.001887,0.001835,0.972443031266561
7,32,2,5,BMD_FIRST,0.001939,0.001493,0.769984528107272
7,32,2,6,SPARSE_FIRST,0.001333,0.001459,1.09452363090773
7,32,2,7,BMD_FIRST,0.001302,0.001511,1.1605222734255
7,32,2,8,SPARSE_FIRST,0.001682,0.001468,0.872770511296076
7,32,2,9,BMD_FIRST,0.001838,0.00178,0.968443960826986
7,32,2,10,SPARSE_FIRST,0.001942,0.001657,0.853244078269825
7,32,2,11,BMD_FIRST,0.002089,0.001897,0.908089995213021
7,32,2,12,SPARSE_FIRST,0.001972,0.001823,0.924442190669371
7,32,2,13,BMD_FIRST,0.001976,0.001873,0.947874493927126
7,32,2,14,SPARSE_FIRST,0.001376,0.00219,1.59156976744186
7,32,2,15,BMD_FIRST,0.001322,0.001556,1.17700453857791
7,32,2,16,SPARSE_FIRST,0.001309,0.00154,1.17647058823529
7,32,2,17,BMD_FIRST,0.001224,0.001654,1.35130718954248
8,36,1,1,BMD_FIRST,0.001541,0.001767,1.14665801427644
8,36,1,2,SPARSE_FIRST,0.002104,0.001996,0.948669201520912
8,36,1,3,BMD_FIRST,0.002216,0.001936,0.873646209386282
8,36,1,4,SPARSE_FIRST,0.002214,0.001822,0.822944896115628
8,36,1,5,BMD_FIRST,0.001912,0.002012,1.05230125523013
8,36,1,6,SPARSE_FIRST,0.001491,0.001745,1.17035546613011
8,36,1,7,BMD_FIRST,0.00144,0.001514,1.05138888888889
8,36,1,8,SPARSE_FIRST,0.001397,0.00147,1.05225483178239
8,36,1,9,BMD_FIRST,0.002097,0.001993,0.950405340963281
8,36,1,10,SPARSE_FIRST,0.00206,0.001879,0.912135922330097
8,36,1,11,BMD_FIRST,0.002351,0.002037,0.866439812845598
8,36,1,12,SPARSE_FIRST,0.002253,0.001904,0.845095428317799
8,36,1,13,BMD_FIRST,0.002129,0.001828,0.858619069985909
8,36,1,14,SPARSE_FIRST,0.001922,0.001707,0.888137356919875
8,36,1,15,BMD_FIRST,0.001474,0.001495,1.01424694708277
8,36,1,16,SPARSE_FIRST,0.001423,0.001426,1.00210822206606
8,36,1,17,BMD_FIRST,0.001432,0.001512,1.05586592178771
9,40,0,1,BMD_FIRST,0.00161,0.001654,1.02732919254658
9,40,0,2,SPARSE_FIRST,0.00164,0.001532,0.934146341463415
9,40,0,3,BMD_FIRST,0.001661,0.001591,0.9578567128236
9,40,0,4,SPARSE_FIRST,0.001556,0.001562,1.00385604113111
9,40,0,5,BMD_FIRST,0.001584,0.001677,1.05871212121212
9,40,0,6,SPARSE_FIRST,0.00156,0.001604,1.02820512820513
9,40,0,7,BMD_FIRST,0.001974,0.001842,0.933130699088146
9,40,0,8,SPARSE_FIRST,0.001655,0.001711,1.03383685800604
9,40,0,9,BMD_FIRST,0.001564,0.001609,1.02877237851662
9,40,0,10,SPARSE_FIRST,0.001638,0.00159,0.970695970695971
9,40,0,11,BMD_FIRST,0.001593,0.001705,1.07030759573132
9,40,0,12,SPARSE_FIRST,0.001622,0.00209,1.288532675709
9,40,0,13,BMD_FIRST,0.001539,0.001526,0.991552956465237
9,40,0,14,SPARSE_FIRST,0.001616,0.001548,0.957920792079208
9,40,0,15,BMD_FIRST,0.001572,0.001566,0.99618320610687
9,40,0,16,SPARSE_FIRST,0.001621,0.001454,0.89697717458359
9,40,0,17,BMD_FIRST,0.001542,0.00155,1.00518806744488
